NU_NOTA_LC;TX_RESPOSTAS_LC;TP_LINGUA;TX_GABARITO_LC;resposta_sem;gabarito_sem;acertos
306,2;EDCBAEDCBAEDCBAEDCBAEDCBAEDCBAEDCBAEDCBAEDCBA;1;BAAAEAAECBBEAACAAACEACBCACCCEDEDADBDBEEDDACCC;EDCBAEDCBAEDCBAEDCBAEDCBAEDCBAEDCBAEDCBA;AAECBBEAACAAACEACBCACCCEDEDADBDBEEDDACCC;5
315,5;EDCBAEDCBAEDCBAEDCBAEDCBAEDCBAEDCBAEDCBAEDCBA;0;BDBBAAAECBBEAACAAACEACBCACCCEDEDADBDBEEDDACCC;EDCBAEDCBAEDCBAEDCBAEDCBAEDCBAEDCBAEDCBA;AAECBBEAACAAACEACBCACCCEDEDADBDBEEDDACCC;8
348,6;EDCBAEDCBAEDCBAEDCBAEDCBAEDCBAEDCBAEDCBAEDCBA;0;BBBDACCEEEDEACBCACAACAACAAAECBBEDBCCADBDEDDAC;EDCBAEDCBAEDCBAEDCBAEDCBAEDCBAEDCBAEDCBA;CCEEEDEACBCACAACAACAAAECBBEDBCCADBDEDDAC;8
346,1;EDCBAEDCBAEDCBAEDCBAEDCBAEDCBAEDCBAEDCBAEDCBA;1;ABAEACCEEEDEACBCACAACAACAAAECBBEDBCCADBDEDDAC;EDCBAEDCBAEDCBAEDCBAEDCBAEDCBAEDCBAEDCBA;CCEEEDEACBCACAACAACAAAECBBEDBCCADBDEDDAC;8
363,0;EDCBAEDCBAEDCBAEDCBAEDCBAEDCBAEDCBAEDCBAEDCBA;0;DBABBAACDACDEDAACADBADBCCEACCCEAAECBBEBCACEED;EDCBAEDCBAEDCBAEDCBAEDCBAEDCBAEDCBAEDCBA;AACDACDEDAACADBADBCCEACCCEAAECBBEBCACEED;10
361,4;ECABAEDCBAEDCBAEDCBAEDCBAEDCBAEDCBAEDCBAEDCBA;1;AEBAAAACDACDEDAACADBADBCCEACCCEAAECBBEBCACEED;EDCBAEDCBAEDCBAEDCBAEDCBAEDCBAEDCBAEDCBA;AACDACDEDAACADBADBCCEACCCEAAECBBEBCACEED;10
