NU_NOTA_LC;TX_RESPOSTAS_LC;TP_LINGUA;TX_GABARITO_LC;resposta_sem;gabarito_sem;acertos
346,2;ABCDEDCBABCDEDCBABCDEDCBABCDEDCBABCDEDCBABCDE;0;BBBDACCEEEDEACBCACAACAACAAAECBBEDBCCADBDEDDAC;DCBABCDEDCBABCDEDCBABCDEDCBABCDEDCBABCDE;CCEEEDEACBCACAACAACAAAECBBEDBCCADBDEDDAC;8
346,2;ABCDEDCBABCDEDCBABCDEDCBABCDEDCBABCDEDCBABCDE;0;BBBDACCEEEDEACBCACAACAACAAAECBBEDBCCADBDEDDAC;DCBABCDEDCBABCDEDCBABCDEDCBABCDEDCBABCDE;CCEEEDEACBCACAACAACAAAECBBEDBCCADBDEDDAC;8
346,2;ABCDEDCBABCDEDCBABCDEDCBABCDEDCBABCDEDCBABCDE;0;BBBDACCEEEDEACBCACAACAACAAAECBBEDBCCADBDEDDAC;DCBABCDEDCBABCDEDCBABCDEDCBABCDEDCBABCDE;CCEEEDEACBCACAACAACAAAECBBEDBCCADBDEDDAC;8
344,7;ABCDEDCBABCDEDCBABCDEDCBABCDEDCBABCDEDCBABCDE;1;ABAEACCEEEDEACBCACAACAACAAAECBBEDBCCADBDEDDAC;DCBABCDEDCBABCDEDCBABCDEDCBABCDEDCBABCDE;CCEEEDEACBCACAACAACAAAECBBEDBCCADBDEDDAC;8
344,7;ABCDEDCBABCDEDCBABCDEDCBABCDEDCBABCDEDCBABCDE;1;ABAEACCEEEDEACBCACAACAACAAAECBBEDBCCADBDEDDAC;DCBABCDEDCBABCDEDCBABCDEDCBABCDEDCBABCDE;CCEEEDEACBCACAACAACAAAECBBEDBCCADBDEDDAC;8
344,7;ABCDEDCBABCDEDCBABCDEDCBABCDEDCBABCDEDCBABCDE;1;ABAEACCEEEDEACBCACAACAACAAAECBBEDBCCADBDEDDAC;DCBABCDEDCBABCDEDCBABCDEDCBABCDEDCBABCDE;CCEEEDEACBCACAACAACAAAECBBEDBCCADBDEDDAC;8
394,6;ABCDEDCBABCDEDCBABCDEDCBABCDEDCBABCDEDCBABCDE;0;DBABBAACDACDEDAACADBADBCCEACCCEAAECBBEBCACEED;DCBABCDEDCBABCDEDCBABCDEDCBABCDEDCBABCDE;AACDACDEDAACADBADBCCEACCCEAAECBBEBCACEED;9
394,6;ABCDEDCBABCDEDCBABCDEDCBABCDEDCBABCDEDCBABCDE;0;DBABBAACDACDEDAACADBADBCCEACCCEAAECBBEBCACEED;DCBABCDEDCBABCDEDCBABCDEDCBABCDEDCBABCDE;AACDACDEDAACADBADBCCEACCCEAAECBBEBCACEED;9
394,6;ABCDEDCBABCDEDCBABCDEDCBABCDEDCBABCDEDCBABCDE;0;DBABBAACDACDEDAACADBADBCCEACCCEAAECBBEBCACEED;DCBABCDEDCBABCDEDCBABCDEDCBABCDEDCBABCDE;AACDACDEDAACADBADBCCEACCCEAAECBBEBCACEED;9
394,6;ABCDEDCBABCDEDCBABCDEDCBABCDEDCBABCDEDCBABCDE;0;DBABBAACDACDEDAACADBADBCCEACCCEAAECBBEBCACEED;DCBABCDEDCBABCDEDCBABCDEDCBABCDEDCBABCDE;AACDACDEDAACADBADBCCEACCCEAAECBBEBCACEED;9
399,4;ABCDEDCBABCDEDCBABCDEDCBABCDEDCBABCDEDCBABCDE;1;AEBAAAACDACDEDAACADBADBCCEACCCEAAECBBEBCACEED;DCBABCDEDCBABCDEDCBABCDEDCBABCDEDCBABCDE;AACDACDEDAACADBADBCCEACCCEAAECBBEBCACEED;9
399,4;ABCDEDCBABCDEDCBABCDEDCBABCDEDCBABCDEDCBABCDE;1;AEBAAAACDACDEDAACADBADBCCEACCCEAAECBBEBCACEED;DCBABCDEDCBABCDEDCBABCDEDCBABCDEDCBABCDE;AACDACDEDAACADBADBCCEACCCEAAECBBEBCACEED;9
393,5;DABBEDCBABCDEDCBABCDEDCBABCDEDCBABCDEDCBABCDE;0;DBABBAACDACDEDAACADBADBCCEACCCEAAECBBEBCACEED;DCBABCDEDCBABCDEDCBABCDEDCBABCDEDCBABCDE;AACDACDEDAACADBADBCCEACCCEAAECBBEBCACEED;10
368,8;ABCDEDCBABCDEDCBABCDEDCBABCDEDCBABCDEDCBABCDE;0;BDBBAAAECBBEAACAAACEACBCACCCEDEDADBDBEEDDACCC;DCBABCDEDCBABCDEDCBABCDEDCBABCDEDCBABCDE;AAECBBEAACAAACEACBCACCCEDEDADBDBEEDDACCC;11
368,8;ABCDEDCBABCDEDCBABCDEDCBABCDEDCBABCDEDCBABCDE;0;BDBBAAAECBBEAACAAACEACBCACCCEDEDADBDBEEDDACCC;DCBABCDEDCBABCDEDCBABCDEDCBABCDEDCBABCDE;AAECBBEAACAAACEACBCACCCEDEDADBDBEEDDACCC;11
312,8;ABCDEDCBABCDEDCBABCDEDCBABCDEDCBABCDEDCBABCDE;0;BBDABDACEEDCCDBADBDEDCCEBCACEACAACAACACBBEAAE;DCBABCDEDCBABCDEDCBABCDEDCBABCDEDCBABCDE;DACEEDCCDBADBDEDCCEBCACEACAACAACACBBEAAE;11
312,8;ABCDEDCBABCDEDCBABCDEDCBABCDEDCBABCDEDCBABCDE;0;BBDABDACEEDCCDBADBDEDCCEBCACEACAACAACACBBEAAE;DCBABCDEDCBABCDEDCBABCDEDCBABCDEDCBABCDE;DACEEDCCDBADBDEDCCEBCACEACAACAACACBBEAAE;11
312,8;ABCDEDCBABCDEDCBABCDEDCBABCDEDCBABCDEDCBABCDE;0;BBDABDACEEDCCDBADBDEDCCEBCACEACAACAACACBBEAAE;DCBABCDEDCBABCDEDCBABCDEDCBABCDEDCBABCDE;DACEEDCCDBADBDEDCCEBCACEACAACAACACBBEAAE;11
312,8;ABCDEDCBABCDEDCBABCDEDCBABCDEDCBABCDEDCBABCDE;0;BBDABDACEEDCCDBADBDEDCCEBCACEACAACAACACBBEAAE;DCBABCDEDCBABCDEDCBABCDEDCBABCDEDCBABCDE;DACEEDCCDBADBDEDCCEBCACEACAACAACACBBEAAE;11
312,8;ABCDEDCBABCDEDCBABCDEDCBABCDEDCBABCDEDCBABCDE;0;BBDABDACEEDCCDBADBDEDCCEBCACEACAACAACACBBEAAE;DCBABCDEDCBABCDEDCBABCDEDCBABCDEDCBABCDE;DACEEDCCDBADBDEDCCEBCACEACAACAACACBBEAAE;11
312,8;ABCDEDCBABCDEDCBABCDEDCBABCDEDCBABCDEDCBABCDE;0;BBDABDACEEDCCDBADBDEDCCEBCACEACAACAACACBBEAAE;DCBABCDEDCBABCDEDCBABCDEDCBABCDEDCBABCDE;DACEEDCCDBADBDEDCCEBCACEACAACAACACBBEAAE;11
310,9;ABCDEDCBABCDEDCBABCDEDCBABCDEDCBABCDEDCBABCDE;1;AAEBADACEEDCCDBADBDEDCCEBCACEACAACAACACBBEAAE;DCBABCDEDCBABCDEDCBABCDEDCBABCDEDCBABCDE;DACEEDCCDBADBDEDCCEBCACEACAACAACACBBEAAE;11
310,9;ABCDEDCBABCDEDCBABCDEDCBABCDEDCBABCDEDCBABCDE;1;AAEBADACEEDCCDBADBDEDCCEBCACEACAACAACACBBEAAE;DCBABCDEDCBABCDEDCBABCDEDCBABCDEDCBABCDE;DACEEDCCDBADBDEDCCEBCACEACAACAACACBBEAAE;11
310,9;ABCDEDCBABCDEDCBABCDEDCBABCDEDCBABCDEDCBABCDE;1;AAEBADACEEDCCDBADBDEDCCEBCACEACAACAACACBBEAAE;DCBABCDEDCBABCDEDCBABCDEDCBABCDEDCBABCDE;DACEEDCCDBADBDEDCCEBCACEACAACAACACBBEAAE;11
328,1;EBEBADCBABCDEDCBABCDEDCBABCDEDCBABCDEDCBABCDE;1;AAEBADACEEDCCDBADBDEDCCEBCACEACAACAACACBBEAAE;DCBABCDEDCBABCDEDCBABCDEDCBABCDEDCBABCDE;DACEEDCCDBADBDEDCCEBCACEACAACAACACBBEAAE;13
